﻿pos_x,pos_y,rotation,side,designator,mpn,pack,value,mount_type,place
167.25,-103.5,90.0,top,C1,,C_0805_2012Metric,10uF,smt,True
140.5,-69.5,-90.0,top,C10,,C_0201_0603Metric,1uF,smt,True
138.5,-67.5,180.0,top,C11,,C_0402_1005Metric,10uF,smt,True
138.5,-69.5,180.0,top,C12,,C_0402_1005Metric,10uF,smt,True
161.02,-73.75,0.0,top,C13,,C_0201_0603Metric,1uF,smt,True
155.5,-63.5,90.0,top,C14,,C_0201_0603Metric,0.01uF,smt,True
157.0,-69.5,-90.0,top,C15,,C_0201_0603Metric,1uF,smt,True
155.04,-69.5,180.0,top,C16,,C_0402_1005Metric,10uF,smt,True
155.0,-67.5,180.0,top,C17,,C_0402_1005Metric,10uF,smt,True
127.5,-73.75,0.0,top,C18,,C_0201_0603Metric,1uF,smt,True
122.0,-63.48,90.0,top,C19,,C_0201_0603Metric,0.01uF,smt,True
157.98,-101.75,0.0,top,C2,,C_0402_1005Metric,10uF,smt,True
123.5,-69.5,-90.0,top,C20,,C_0201_0603Metric,1uF,smt,True
121.5,-69.5,180.0,top,C21,,C_0402_1005Metric,10uF,smt,True
121.5,-67.5,180.0,top,C22,,C_0402_1005Metric,10uF,smt,True
105.0,-63.5,90.0,top,C23,,C_0201_0603Metric,0.01uF,smt,True
110.5,-73.75,0.0,top,C3,,C_0201_0603Metric,1uF,smt,True
106.5,-69.5,-90.0,top,C4,,C_0201_0603Metric,1uF,smt,True
144.43,-73.75,0.0,top,C5,,C_0201_0603Metric,1uF,smt,True
104.5,-69.5,180.0,top,C6,,C_0402_1005Metric,10uF,smt,True
104.5,-67.5,180.0,top,C7,,C_0402_1005Metric,10uF,smt,True
139.0,-63.48,90.0,top,C9,,C_0201_0603Metric,0.01uF,smt,True
107.42,-119.0,0.0,top,D1,,D_DO-41_SOD81_P10.16mm_Horizontal,1N4001,tht,True
139.17,-119.0,0.0,top,D10,,D_DO-41_SOD81_P10.16mm_Horizontal,1N4001,tht,True
117.99,-69.0,90.0,top,D2,,D_1206_3216Metric,1N4148,smt,True
114.5,-69.0,90.0,top,D3,,D_1206_3216Metric,1N4148,smt,True
152.0,-69.0,90.0,top,D4,,D_1206_3216Metric,1N4148,smt,True
165.0,-69.0,90.0,top,D5,,D_1206_3216Metric,1N4148,smt,True
168.5,-69.0,90.0,top,D6,,D_1206_3216Metric,1N4148,smt,True
131.5,-69.0,90.0,top,D7,,D_1206_3216Metric,1N4148,smt,True
135.0,-69.0,90.0,top,D8,,D_1206_3216Metric,1N4148,smt,True
148.5,-69.0,90.0,top,D9,,D_1206_3216Metric,1N4148,smt,True
104.0,-60.015,-90.0,top,FB1,,L_0402_1005Metric,FerriteBead,smt,True
139.0,-60.0,-90.0,top,FB2,,L_0402_1005Metric,FerriteBead,smt,True
105.0,-60.0,-90.0,top,FB4,,L_0402_1005Metric,FerriteBead,smt,True
154.5,-59.985,-90.0,top,FB5,,L_0402_1005Metric,FerriteBead,smt,True
155.5,-59.985,-90.0,top,FB6,,L_0402_1005Metric,FerriteBead,smt,True
121.0,-60.0,-90.0,top,FB7,,L_0402_1005Metric,FerriteBead,smt,True
122.0,-59.985,-90.0,top,FB8,,L_0402_1005Metric,FerriteBead,smt,True
138.0,-60.0,-90.0,top,FB9,,L_0402_1005Metric,FerriteBead,smt,True
95.0,-54.75,0.0,top,H1,,MountingHole_4.3mm_M4_DIN965_Pad,MountingHole_Pad,tht,False
177.0,-54.5,0.0,top,H2,,MountingHole_4.3mm_M4_DIN965_Pad,MountingHole_Pad,tht,False
95.0,-118.25,0.0,top,H3,,MountingHole_4.3mm_M4_DIN965_Pad,MountingHole_Pad,tht,False
177.0,-118.25,0.0,top,H4,,MountingHole_4.3mm_M4_DIN965_Pad,MountingHole_Pad,tht,False
177.25,-136.58,90.0,top,J1,,TerminalBlock_bornier-2_P5.08mm,Conn_01x02_Socket,tht,True
176.75,-76.5,90.0,top,J10,,TerminalBlock_bornier-2_P5.08mm,Conn_01x02_Socket,tht,True
176.545,-93.5,90.0,top,J11,,TerminalBlock_bornier-2_P5.08mm,Conn_01x02_Socket,tht,True
92.25,-109.475,0.0,top,J12,,PinHeader_1x02_P2.54mm_Vertical,Conn_01x02_Pin,tht,True
163.475,-97.75,90.0,top,J13,,PinHeader_1x02_P2.54mm_Vertical,Conn_01x02_Pin,tht,True
93.0,-65.5,90.0,top,J14,,PinHeader_1x02_P2.54mm_Vertical,Conn_01x02_Pin,tht,True
94.25,-131.75,-90.0,top,J2,,TerminalBlock_bornier-2_P5.08mm,Conn_01x02_Socket,tht,True
111.5,-54.0,180.0,top,J3,,TerminalBlock_bornier-2_P5.08mm,Conn_01x02_Socket,tht,True
145.5,-54.0,180.0,top,J4,,TerminalBlock_bornier-2_P5.08mm,Conn_01x02_Socket,tht,True
162.5,-54.0,180.0,top,J5,,TerminalBlock_bornier-2_P5.08mm,Conn_01x02_Socket,tht,True
128.75,-54.0,180.0,top,J6,,TerminalBlock_bornier-2_P5.08mm,Conn_01x02_Socket,tht,True
176.5,-109.29,90.0,top,J7,,TerminalBlock_bornier-2_P5.08mm,Conn_01x02_Socket,tht,True
108.95,-80.475,90.0,top,J8,,PinSocket_1x15_P2.54mm_Vertical,Conn_01x15_Socket,tht,True
108.95,-105.775,90.0,top,J9,,PinSocket_1x15_P2.54mm_Vertical,Conn_01x15_Socket,tht,True
139.25,-124.5,0.0,top,K3,,Relay_SPST_Panasonic_ALFG_FormA_CircularHoles,Panasonic_ALFG1PF12,tht,True
107.5,-124.5925,0.0,top,K4,,Relay_SPST_Panasonic_ALFG_FormA_CircularHoles,Panasonic_ALFG1PF12,tht,True
146.71,-115.0,0.0,top,Q1,,TO-92_Inline,PN2222A,tht,True
114.98,-115.11,0.0,top,Q2,,TO-92_Inline,PN2222A,tht,True
122.25,-119.0,90.0,top,R1,,R_0815_2038Metric,4.7K,smt,True
130.5,-121.5,0.0,top,R10,,R_0603_1608Metric,50K,smt,True
162.25,-121.5,0.0,top,R11,,R_0603_1608Metric,50K,smt,True
153.5,-118.9375,90.0,top,R12,,R_0815_2038Metric,4.7K,smt,True
171.75,-77.25,-90.0,top,R13,,R_0603_1608Metric,100K,smt,True
171.75,-72.075,90.0,top,R14,,R_0603_1608Metric,100K,smt,True
171.5,-89.25,90.0,top,R15,,R_0603_1608Metric,100K,smt,True
171.5,-94.25,-90.0,top,R16,,R_0603_1608Metric,100K,smt,True
117.5,-66.0,180.0,top,R2,,R_0402_1005Metric,10K,smt,True
115.0,-66.0,180.0,top,R3,,R_0402_1005Metric,10K,smt,True
151.5,-66.0,180.0,top,R4,,R_0402_1005Metric,10K,smt,True
165.5,-66.0,180.0,top,R5,,R_0402_1005Metric,10K,smt,True
168.0,-66.0,180.0,top,R6,,R_0402_1005Metric,10K,smt,True
132.0,-66.0,180.0,top,R7,,R_0402_1005Metric,10K,smt,True
134.5,-66.0,180.0,top,R8,,R_0402_1005Metric,10K,smt,True
149.02,-66.0,180.0,top,R9,,R_0402_1005Metric,10K,smt,True
160.5,-71.0,-90.0,top,U10,,SOT-89-3,AP2127R-3.3,smt,True
144.0,-71.0,-90.0,top,U2,,SOT-89-3,AP2127R-3.3,smt,True
110.0,-71.0,-90.0,top,U3,,SOT-89-3,AP2127R-3.3,smt,True
161.35,-106.45,180.0,top,U4,,SOT-223-3_TabPin2,LD1117S50TR_SOT223,smt,True
110.0,-63.595,0.0,top,U5,,SOIC-8_3.9x4.9mm_P1.27mm,MAX31855KASA,smt,True
144.0,-63.5,0.0,top,U6,,SOIC-8_3.9x4.9mm_P1.27mm,MAX31855KASA,smt,True
160.5,-63.5,0.0,top,U7,,SOIC-8_3.9x4.9mm_P1.27mm,MAX31855KASA,smt,True
127.0,-71.0,-90.0,top,U8,,SOT-89-3,AP2127R-3.3,smt,True
127.0,-63.595,0.0,top,U9,,SOIC-8_3.9x4.9mm_P1.27mm,MAX31855KASA,smt,True
