﻿designator,quantity,value,pack,mpn,mount_type
C1,1,10uF,C_0805_2012Metric,,smt
"C10, C13, C15, C18, C20, C3, C4, C5",8,1uF,C_0201_0603Metric,,smt
"C11, C12, C16, C17, C2, C21, C22, C6, C7",9,10uF,C_0402_1005Metric,,smt
"C14, C19, C23, C9",4,0.01uF,C_0201_0603Metric,,smt
"D1, D10",2,1N4001,D_DO-41_SOD81_P10.16mm_Horizontal,,tht
"D2, D3, D4, D5, D6, D7, D8, D9",8,1N4148,D_1206_3216Metric,,smt
"FB1, FB2, FB4, FB5, FB6, FB7, FB8, FB9",8,FerriteBead,L_0402_1005Metric,,smt
"H1, H2, H3, H4",4,MountingHole_Pad,MountingHole_4.3mm_M4_DIN965_Pad,,tht
"J1, J10, J11, J2, J3, J4, J5, J6, J7",9,Conn_01x02_Socket,TerminalBlock_bornier-2_P5.08mm,,tht
"J12, J13, J14",3,Conn_01x02_Pin,PinHeader_1x02_P2.54mm_Vertical,,tht
"J8, J9",2,Conn_01x15_Socket,PinSocket_1x15_P2.54mm_Vertical,,tht
"K3, K4",2,Panasonic_ALFG1PF12,Relay_SPST_Panasonic_ALFG_FormA_CircularHoles,,tht
"Q1, Q2",2,PN2222A,TO-92_Inline,,tht
"R1, R12",2,4.7K,R_0815_2038Metric,,smt
"R10, R11",2,50K,R_0603_1608Metric,,smt
"R13, R14, R15, R16",4,100K,R_0603_1608Metric,,smt
"R2, R3, R4, R5, R6, R7, R8, R9",8,10K,R_0402_1005Metric,,smt
"U10, U2, U3, U8",4,AP2127R-3.3,SOT-89-3,,smt
U4,1,LD1117S50TR_SOT223,SOT-223-3_TabPin2,,smt
"U5, U6, U7, U9",4,MAX31855KASA,SOIC-8_3.9x4.9mm_P1.27mm,,smt
